Series0,
AXIS0,OUTPUT
Main.Studies.InverseDynamicStudy.Output.Abscissa.t,Main.Studies.InverseDynamicStudy.Output._Main.HumanModel.BodyModel.Right.Leg.Jnt.Ankle.Pos
 3.383401000000000e+00, 3.239206081374039e-01
 3.400068000000000e+00, 3.293420082560282e-01
 3.416735000000000e+00, 3.350964101323693e-01
 3.433402000000000e+00, 3.412302745492247e-01
 3.450069000000000e+00, 3.477632749705222e-01
 3.466736000000000e+00, 3.546880640445900e-01
 3.483403000000000e+00, 3.619834007840348e-01
 3.500070000000000e+00, 3.696356412056557e-01
 3.516737000000000e+00, 3.776522142554734e-01
 3.533404000000000e+00, 3.860486372597648e-01
 3.550071000000000e+00, 3.948001970232315e-01
 3.566738000000000e+00, 4.037683829168893e-01
 3.583405000000000e+00, 4.126235131609338e-01
 3.600072000000000e+00, 4.207845403574008e-01
 3.616739000000000e+00, 4.273957839736619e-01
 3.633406000000000e+00, 4.313713985086225e-01
 3.650073000000000e+00, 4.315285161761133e-01
 3.666740000000000e+00, 4.267738331641610e-01
 3.683407000000000e+00, 4.162738264448879e-01
 3.700074000000000e+00, 3.995726543866067e-01
 3.716741000000000e+00, 3.766476919548531e-01
 3.733408000000000e+00, 3.478708972217863e-01
 3.750075000000000e+00, 3.138604698974702e-01
 3.766742000000000e+00, 2.752836725596358e-01
 3.783409000000000e+00, 2.327081360245395e-01
 3.800076000000000e+00, 1.865456587468125e-01
 3.816743000000000e+00, 1.370748272307062e-01
 3.833410000000000e+00, 8.454179723116159e-02
 3.850077000000000e+00, 2.936346551027545e-02
 3.866744000000000e+00,-2.758109898987346e-02
 3.883411000000000e+00,-8.462064553614541e-02
 3.900078000000000e+00,-1.390029388023902e-01
 3.916745000000000e+00,-1.868483869655347e-01
 3.933412000000000e+00,-2.236944012372818e-01
 3.950079000000000e+00,-2.457444871483534e-01
 3.966746000000000e+00,-2.512447190399738e-01
 3.983413000000000e+00,-2.410421653879208e-01
 4.000080000000001e+00,-2.179785886306452e-01
 4.016747000000001e+00,-1.857086819173871e-01
 4.033414000000000e+00,-1.477799157426428e-01
 4.050081000000000e+00,-1.073020973532683e-01
 4.066748000000000e+00,-6.697786223645041e-02
 4.083415000000000e+00,-2.912026557823382e-02
 4.100082000000000e+00, 4.522991014855307e-03
 4.116749000000000e+00, 3.301136817324370e-02
 4.133416000000000e+00, 5.623564610908511e-02
 4.150083000000000e+00, 7.459264381515256e-02
 4.166750000000000e+00, 8.848077655582164e-02
 4.183417000000000e+00, 9.793190177369630e-02
 4.200084000000000e+00, 1.025692056864591e-01
 4.216751000000000e+00, 1.018468169205953e-01
 4.233418000000000e+00, 9.543529256136699e-02
 4.250085000000000e+00, 8.369169204032102e-02
 4.266752000000000e+00, 6.813967492809289e-02
 4.283419000000000e+00, 5.152868633070851e-02
 4.300086000000000e+00, 3.684562089928892e-02
 4.316753000000000e+00, 2.572097929866404e-02
 4.333420000000000e+00, 1.782979959336946e-02
 4.350087000000000e+00, 1.167988686354696e-02
 4.366754000000000e+00, 5.535475434633151e-03
 4.383421000000000e+00,-2.216384040623780e-03
 4.400088000000000e+00,-1.275383441983072e-02
 4.416755000000000e+00,-2.619117010539982e-02
 4.433422000000000e+00,-4.106528415677262e-02
 4.450089000000000e+00,-5.455084763313411e-02
 4.466756000000000e+00,-6.342886403470613e-02
 4.483423000000000e+00,-6.523536965852464e-02
 4.500090000000000e+00,-5.902355322234815e-02
 4.516757000000000e+00,-4.553805163324317e-02
 4.533424000000000e+00,-2.683427592921260e-02
 4.550091000000000e+00,-5.513169480383422e-03
 4.566758000000000e+00, 1.608532976863835e-02
 4.583425000000000e+00, 3.638382918379053e-02
 4.600092000000000e+00, 5.467014856833355e-02
 4.616759000000000e+00, 7.092733841771354e-02
 4.633426000000000e+00, 8.554487102416111e-02
 4.650093000000000e+00, 9.904079166999222e-02
 4.666760000000000e+00, 1.118894916574687e-01
 4.683427000000000e+00, 1.244604159770914e-01
 4.700094000000000e+00, 1.370104894186276e-01
 4.716761000000000e+00, 1.496873212679182e-01
 4.733428000000000e+00, 1.625385370455133e-01
 4.750095000000000e+00, 1.755350826065715e-01
 4.766762000000000e+00, 1.886055068278092e-01
 4.783429000000000e+00, 2.016718830285205e-01
 4.800096000000000e+00, 2.146825299711832e-01
 4.816763000000000e+00, 2.276382228566271e-01
 4.833430000000000e+00, 2.406035060244894e-01
 4.850097000000000e+00, 2.536943809447024e-01
 4.866764000000000e+00, 2.670425156557136e-01
 4.883431000000000e+00, 2.807484641114280e-01
 4.900098000000000e+00, 2.948472778466851e-01
 4.916765000000000e+00, 3.092952963657030e-01
 4.933432000000000e+00, 3.239389264626428e-01
 4.950099000000000e+00, 3.384493427963814e-01
 4.966766000000000e+00, 3.522990703956130e-01
 4.983433000000000e+00, 3.648156684045872e-01
 5.000100000000000e+00, 3.752435391338569e-01
 5.016767000000000e+00, 3.827400370005496e-01
 5.033434000000000e+00, 3.862940105259045e-01
 5.050101000000000e+00, 3.846210441071298e-01
 5.066768000000001e+00, 3.761185404186072e-01
 5.083435000000000e+00, 3.589492623804862e-01
 5.100102000000001e+00, 3.312619634110737e-01
 5.116769000000000e+00, 2.914340938168252e-01
 5.133436000000001e+00, 2.382038494590441e-01
 5.150103000000000e+00, 1.708435125369707e-01
 5.166770000000000e+00, 8.980749039060430e-02
 5.183437000000001e+00,-2.054363826849708e-03
 5.200104000000000e+00,-9.853443289533641e-02
 5.216771000000000e+00,-1.905919801765185e-01
 5.233438000000000e+00,-2.687056712827575e-01
 5.250105000000000e+00,-3.258134212726345e-01
 5.266772000000000e+00,-3.590061294507577e-01
 5.283439000000000e+00,-3.692449411770717e-01
 5.300106000000000e+00,-3.598835715803507e-01
 5.316773000000000e+00,-3.352030485143181e-01
 5.333440000000000e+00,-2.995504291528086e-01
 5.350107000000000e+00,-2.569754813688360e-01
 5.366774000000000e+00,-2.110631471132203e-01
 5.383441000000000e+00,-1.648108159855618e-01
 5.400108000000000e+00,-1.205427353281895e-01
 5.416775000000000e+00,-7.990498428701374e-02
 5.433442000000000e+00,-4.395115365931183e-02
 5.450109000000000e+00,-1.325472678249870e-02
 5.466775999999999e+00, 1.199667843678329e-02
 5.483443000000000e+00, 3.186203231419754e-02
 5.500110000000000e+00, 4.639477092762944e-02
 5.516777000000000e+00, 5.537409901774799e-02
 5.533444000000000e+00, 5.832380783071652e-02
 5.550111000000000e+00, 5.522991655303633e-02
 5.566778000000000e+00, 4.796696902798111e-02
 5.583445000000000e+00, 4.071519009545850e-02
 5.600112000000000e+00, 3.718291748778215e-02
 5.616779000000000e+00, 3.760136172001842e-02
 5.633446000000000e+00, 3.950362564242536e-02
 5.650113000000000e+00, 3.991430263738653e-02
 5.666780000000000e+00, 3.643697074882081e-02
 5.683447000000000e+00, 2.785765306398667e-02
 5.700114000000001e+00, 1.473605641796946e-02
 5.716781000000000e+00,-4.791837141859445e-04
 5.733448000000001e+00,-1.406516936499756e-02
 5.750115000000000e+00,-2.219792850908952e-02
 5.766782000000000e+00,-2.227037871188471e-02
 5.783449000000000e+00,-1.373950873221163e-02
 5.800116000000000e+00, 1.948672634594974e-03
 5.816783000000001e+00, 2.221062740467005e-02
 5.833450000000000e+00, 4.432663634583238e-02
 5.850117000000001e+00, 6.610246663050394e-02
 5.866784000000000e+00, 8.614131744047047e-02
 5.883451000000001e+00, 1.038447023279473e-01
 5.900118000000000e+00, 1.192389977313837e-01
 5.916785000000001e+00, 1.327313238386521e-01
 5.933452000000001e+00, 1.448878111540617e-01
 5.950119000000000e+00, 1.562742982523757e-01
 5.966786000000001e+00, 1.673623898946213e-01
 5.983453000000000e+00, 1.784954865027229e-01
 6.000120000000001e+00, 1.898989752531734e-01
 6.016787000000001e+00, 2.017093549788274e-01
 6.033454000000001e+00, 2.140049739822397e-01
 6.050121000000001e+00, 2.268347930174950e-01
 6.066788000000001e+00, 2.402435967344953e-01
 6.083455000000001e+00, 2.542791214071748e-01
 6.100122000000001e+00, 2.689644180308386e-01
 6.116789000000001e+00, 2.842526360516210e-01
 6.133456000000001e+00, 3.000204169530971e-01
 6.150123000000001e+00, 3.160928761543160e-01
 6.166790000000001e+00, 3.321925271284225e-01
 6.183457000000001e+00, 3.478292406901861e-01
 6.200124000000001e+00, 3.622823279187066e-01
 6.216791000000001e+00, 3.746578803499323e-01
 6.233458000000001e+00, 3.839001742281276e-01
 6.250125000000001e+00, 3.887448429886935e-01
 6.266792000000001e+00, 3.876885333380148e-01
 6.283459000000001e+00, 3.790225287971400e-01
 6.300126000000001e+00, 3.609166802179923e-01
 6.316793000000001e+00, 3.315211455858382e-01
 6.333460000000001e+00, 2.890951228529487e-01
 6.350127000000001e+00, 2.322637381391559e-01
 6.366794000000001e+00, 1.605685568420685e-01
 6.383461000000000e+00, 7.535148680523290e-02
 6.400128000000000e+00,-1.938381645629856e-02
 6.416795000000000e+00,-1.168462422612047e-01
 6.433462000000000e+00,-2.085428799551674e-01
 6.450129000000000e+00,-2.862044963531095e-01
 6.466796000000000e+00,-3.435103111139745e-01
 6.483463000000000e+00,-3.768682781885509e-01
 6.500130000000000e+00,-3.854222083216800e-01
 6.516797000000000e+00,-3.708548847239564e-01
 6.533464000000000e+00,-3.371157108464585e-01
 6.550131000000000e+00,-2.897514365623630e-01
 6.566798000000000e+00,-2.347642628774187e-01
 6.583465000000000e+00,-1.774779318782906e-01
 6.600132000000000e+00,-1.219366519975108e-01
 6.616799000000000e+00,-7.089726972482013e-02
 6.633466000000000e+00,-2.609716396761105e-02
 6.650133000000000e+00, 1.152329699584505e-02
 6.666800000000000e+00, 4.170728439669334e-02
 6.683467000000000e+00, 6.471525591160053e-02
 6.700134000000000e+00, 8.099890247774884e-02
 6.716801000000000e+00, 9.084493861910059e-02
 6.733468000000000e+00, 9.425977749941644e-02
 6.750135000000000e+00, 9.132457951955204e-02
 6.766802000000000e+00, 8.309685824377769e-02
 6.783469000000000e+00, 7.244411901453693e-02
 6.800136000000000e+00, 6.303749948046947e-02
 6.816803000000000e+00, 5.651950554793047e-02
 6.833470000000000e+00, 5.162820135969744e-02
 6.850137000000000e+00, 4.609593106048328e-02
 6.866804000000000e+00, 3.821619617613382e-02
 6.883471000000000e+00, 2.726262983193638e-02
 6.900138000000000e+00, 1.384515798975053e-02
 6.916805000000000e+00, 2.510769068190582e-04
 6.933472000000000e+00,-9.924145415220801e-03
 6.950139000000000e+00,-1.304037332495452e-02
 6.966806000000000e+00,-6.983601451318019e-03
 6.983473000000000e+00, 7.934925570773028e-03
 7.000140000000000e+00, 2.934149735073962e-02
 7.016807000000000e+00, 5.402309063968039e-02
 7.033474000000000e+00, 7.907127847187854e-02
 7.050141000000000e+00, 1.024408409378710e-01
 7.066808000000000e+00, 1.230175928767766e-01
 7.083475000000000e+00, 1.404409273791585e-01
 7.100142000000000e+00, 1.548601097518340e-01
 7.116809000000000e+00, 1.667276105273480e-01
 7.133476000000000e+00, 1.766511558489753e-01
 7.150143000000000e+00, 1.852825157571609e-01
 7.166810000000000e+00, 1.932334195277409e-01
 7.183477000000000e+00, 2.010279964840277e-01
 7.200144000000000e+00, 2.090952058767752e-01
 7.216811000000001e+00, 2.177881883562277e-01
 7.233478000000000e+00, 2.274043775342862e-01
 7.250145000000000e+00, 2.381825861798595e-01
 7.266812000000000e+00, 2.502737208708229e-01
 7.283479000000000e+00, 2.637040221310197e-01
 7.300146000000000e+00, 2.783567684997608e-01
 7.316813000000000e+00, 2.939977726601185e-01
 7.333480000000001e+00, 3.103272656503955e-01
 7.350147000000000e+00, 3.269718535105580e-01
 7.366814000000000e+00, 3.434063240720676e-01
 7.383481000000001e+00, 3.589252364954232e-01
 7.400148000000001e+00, 3.726787814665466e-01
 7.416815000000001e+00, 3.836698062900118e-01
 7.433482000000000e+00, 3.906776878370318e-01
 7.450149000000001e+00, 3.921763326389611e-01
 7.466816000000001e+00, 3.863311254262449e-01
 7.483483000000001e+00, 3.711148098993001e-01
 7.500150000000001e+00, 3.445216558682853e-01
 7.516817000000001e+00, 3.047855072099601e-01
 7.533484000000001e+00, 2.505267733168777e-01
 7.550151000000000e+00, 1.809934768061417e-01
 7.566818000000000e+00, 9.673245856766484e-02
 7.583485000000000e+00, 6.796400274400742e-04
 7.600152000000000e+00,-1.010266552299008e-01
 7.616819000000000e+00,-1.994667315552428e-01
 7.633486000000000e+00,-2.849121353171504e-01
 7.650153000000000e+00,-3.494698150282670e-01
 7.666820000000000e+00,-3.888439939735105e-01
 7.683487000000000e+00,-4.024029332368289e-01
 7.700154000000000e+00,-3.921991482852172e-01
 7.716821000000000e+00,-3.620548064313284e-01
 7.733488000000000e+00,-3.170207763144227e-01
 7.750155000000000e+00,-2.627842860961267e-01
 7.766822000000000e+00,-2.047945382922176e-01
 7.783489000000000e+00,-1.474489901418642e-01
 7.800156000000000e+00,-9.375836192020766e-02
 7.816823000000000e+00,-4.552660535694347e-02
 7.833490000000000e+00,-3.771301584979875e-03
 7.850157000000000e+00, 3.092871494346797e-02
 7.866824000000000e+00, 5.828218268535650e-02
 7.883491000000000e+00, 7.823319558837348e-02
 7.900158000000001e+00, 9.087859267767597e-02
 7.916825000000000e+00, 9.638642921814050e-02
 7.933492000000000e+00, 9.514484936909737e-02
 7.950159000000000e+00, 8.842282797936249e-02
 7.966826000000000e+00, 7.920446620601099e-02
 7.983493000000000e+00, 7.151745602027182e-02
 8.000160000000001e+00, 6.777951191888285e-02
 8.016827000000001e+00, 6.741537018564084e-02
 8.033494000000001e+00, 6.808326310577793e-02
 8.050160999999999e+00, 6.713758979975863e-02
 8.066828000000001e+00, 6.230660818530275e-02
 8.083495000000001e+00, 5.231429491830406e-02
 8.100162000000001e+00, 3.764738272926979e-02
 8.116828999999999e+00, 2.092640480223503e-02
 8.133496000000001e+00, 6.409586265478136e-03
 8.150162999999999e+00,-1.441137426008213e-03
 8.166830000000001e+00, 2.312121120240483e-04
 8.183496999999999e+00, 1.157309982971545e-02
 8.200164000000001e+00, 3.029299966195851e-02
 8.216830999999999e+00, 5.292475826377444e-02
 8.233498000000001e+00, 7.613344502811989e-02
 8.250165000000001e+00, 9.748281266286730e-02
 8.266832000000001e+00, 1.156430119292402e-01
 8.283498999999999e+00, 1.302403255334241e-01
 8.300166000000001e+00, 1.415725705745104e-01
 8.316833000000001e+00, 1.503395724557021e-01
 8.333500000000001e+00, 1.574246537587242e-01
 8.350166999999999e+00, 1.637169359786239e-01
 8.366834000000001e+00, 1.699814745848841e-01
 8.383501000000001e+00, 1.767979622931616e-01
 8.400168000000001e+00, 1.845687867039728e-01
 8.416834999999999e+00, 1.935629419548596e-01
 8.433502000000001e+00, 2.039490381996263e-01
 8.450169000000001e+00, 2.157906578207701e-01
 8.466836000000001e+00, 2.290144508158821e-01
 8.483503000000001e+00, 2.433845081915510e-01
 8.500170000000001e+00, 2.585093245312341e-01
 8.516836999999999e+00, 2.738905760178099e-01
 8.533504000000001e+00, 2.890108442293318e-01
 8.550171000000001e+00, 3.034210013266441e-01
 8.566838000000001e+00, 3.167595537625437e-01
 8.583504999999999e+00, 3.287035145875186e-01
 8.600172000000001e+00, 3.389171619887187e-01
 8.616839000000001e+00, 3.470125229369353e-01
 8.633506000000001e+00, 3.524696886945812e-01
 8.650173000000001e+00, 3.544938792154739e-01
 8.666840000000001e+00, 3.518685319933326e-01
 8.683507000000001e+00, 3.429086535290147e-01
 8.700174000000001e+00, 3.255688252889447e-01
 8.716841000000001e+00, 2.976479439374954e-01
 8.733508000000000e+00, 2.570117715561264e-01
 8.750175000000000e+00, 2.018848458861251e-01
 8.766842000000000e+00, 1.313940289800185e-01
 8.783509000000000e+00, 4.648219663637844e-02
 8.800176000000000e+00,-4.907942256803350e-02
 8.816843000000000e+00,-1.483701174959852e-01
 8.833510000000000e+00,-2.424114244009523e-01
 8.850177000000000e+00,-3.223644143864459e-01
 8.866844000000000e+00,-3.815169483776079e-01
 8.883511000000000e+00,-4.161085645035800e-01
 8.900178000000000e+00,-4.252619654359374e-01
 8.916845000000000e+00,-4.107215942279795e-01
 8.933512000000000e+00,-3.765270856564890e-01
 8.950179000000000e+00,-3.282747960898503e-01
 8.966846000000000e+00,-2.719222082017936e-01
 8.983513000000000e+00,-2.126717223492181e-01
 9.000180000000000e+00,-1.544653186518028e-01
 9.016847000000000e+00,-1.000752019590731e-01
 9.033514000000000e+00,-5.139399857904743e-02
 9.050181000000000e+00,-9.602009210684700e-03
 9.066848000000000e+00, 2.478650707269367e-02
 9.083515000000000e+00, 5.179919737293442e-02
 9.100182000000000e+00, 7.172795595422932e-02
 9.116849000000000e+00, 8.485763391443470e-02
 9.133516000000000e+00, 9.141034258214040e-02
 9.150183000000000e+00, 9.179790840943812e-02
 9.166850000000000e+00, 8.722030241806587e-02
 9.183517000000000e+00, 8.031696926160201e-02
 9.200184000000000e+00, 7.452407800317729e-02
 9.216851000000000e+00, 7.161854871861566e-02
 9.233518000000000e+00, 7.044841350436692e-02
 9.250185000000000e+00, 6.830970110072300e-02
 9.266852000000000e+00, 6.248097842165570e-02
 9.283519000000002e+00, 5.093614829925898e-02
 9.300186000000000e+00, 3.322543705071094e-02
 9.316853000000000e+00, 1.153084039478932e-02
 9.333520000000000e+00,-9.243933290365224e-03
 9.350187000000002e+00,-2.309120545900062e-02
 9.366854000000000e+00,-2.555506675787514e-02
 9.383521000000000e+00,-1.566908978117634e-02
 9.400188000000000e+00, 4.101349235448735e-03
 9.416855000000002e+00, 2.952386457199839e-02
 9.433522000000000e+00, 5.643392536618447e-02
 9.450189000000000e+00, 8.176488703065440e-02
 9.466856000000000e+00, 1.037879273806546e-01
 9.483523000000002e+00, 1.219422682824916e-01
 9.500190000000000e+00, 1.365009205095836e-01
 9.516857000000002e+00, 1.482004267254591e-01
 9.533524000000000e+00, 1.579306387696103e-01
 9.550191000000000e+00, 1.665317946879525e-01
 9.566858000000000e+00, 1.746973907681741e-01
 9.583525000000002e+00, 1.829614404884594e-01
 9.600192000000000e+00, 1.917357239943541e-01
 9.616859000000000e+00, 2.013533093100838e-01
 9.633526000000000e+00, 2.120879309064965e-01
 9.650193000000002e+00, 2.241430584388374e-01
 9.666860000000000e+00, 2.376216353511767e-01
 9.683527000000000e+00, 2.524870776199579e-01
 9.700194000000000e+00, 2.685248599792832e-01
 9.716861000000002e+00, 2.853350833704630e-01
 9.733528000000000e+00, 3.024041788153199e-01
 9.750195000000001e+00, 3.192265237662269e-01
 9.766862000000000e+00, 3.353411548275927e-01
 9.783529000000001e+00, 3.502624885681911e-01
 9.800196000000000e+00, 3.634391704017730e-01
 9.816863000000001e+00, 3.742729355931956e-01
 9.833530000000000e+00, 3.821167052656991e-01
 9.850197000000001e+00, 3.862181137605900e-01
 9.866864000000000e+00, 3.856341388805866e-01
 9.883531000000001e+00, 3.791459143657841e-01
 9.900198000000000e+00, 3.651961243105450e-01
 9.916865000000001e+00, 3.418950276756074e-01
 9.933532000000000e+00, 3.071767149138528e-01
 9.950199000000001e+00, 2.591467093903213e-01
 9.966866000000000e+00, 1.965545757641620e-01
 9.983533000000001e+00, 1.193604354925789e-01
 1.000020000000000e+01, 2.948987899465200e-02
 1.001686700000000e+01,-6.836468388751991e-02
 1.003353400000000e+01,-1.665603356685081e-01
 1.005020100000000e+01,-2.556136048440688e-01
 1.006686800000000e+01,-3.263960831848693e-01
 1.008353500000000e+01,-3.723045474926352e-01
 1.010020200000000e+01,-3.904908237987002e-01
 1.011686900000000e+01,-3.820754180065408e-01
 1.013353600000000e+01,-3.515848533657802e-01
 1.015020300000000e+01,-3.056756892854028e-01
 1.016687000000000e+01,-2.513740364199694e-01
 1.018353700000000e+01,-1.945469984071086e-01
 1.020020400000000e+01,-1.392497591405644e-01
 1.021687100000000e+01,-8.791033679846254e-02
 1.023353800000000e+01,-4.185242027680656e-02
 1.025020500000000e+01,-1.739922803469118e-03
 1.026687200000000e+01, 3.214724999646600e-02
 1.028353900000000e+01, 5.969996131380670e-02
 1.030020600000000e+01, 8.077670585506433e-02
 1.031687300000000e+01, 9.509115027177435e-02
 1.033354000000000e+01, 1.022907734616868e-01
 1.035020700000000e+01, 1.022718587446580e-01
 1.036687400000000e+01, 9.581309962912435e-02
 1.038354100000000e+01, 8.530593549610931e-02
 1.040020800000000e+01, 7.415676454010207e-02
 1.041687500000000e+01, 6.422626998086188e-02
 1.043354200000000e+01, 5.463636154251752e-02
 1.045020900000000e+01, 4.359447558684930e-02
 1.046687600000000e+01, 3.027558834090592e-02
 1.048354300000000e+01, 1.532573315118110e-02
 1.050021000000000e+01, 8.063966029064092e-04
 1.051687700000000e+01,-1.021352411440413e-02
 1.053354400000000e+01,-1.466306945305830e-02
 1.055021100000000e+01,-1.068086344989372e-02
 1.056687800000000e+01, 1.669178220011782e-03
 1.058354500000000e+01, 2.054328366895095e-02
 1.060021200000000e+01, 4.315177266438931e-02
 1.061687900000000e+01, 6.674204317365665e-02
 1.063354600000000e+01, 8.924756977129046e-02
 1.065021300000000e+01, 1.094754072873578e-01
 1.066688000000000e+01, 1.269694975985464e-01
 1.068354700000000e+01, 1.417471673731114e-01
 1.070021400000000e+01, 1.540734168641286e-01
 1.071688100000000e+01, 1.643408486761828e-01
 1.073354800000000e+01, 1.730159182427125e-01
 1.075021500000000e+01, 1.805894948784572e-01
 1.076688200000000e+01, 1.875158476510443e-01
 1.078354900000000e+01, 1.941666876527917e-01
 1.080021600000000e+01, 2.008312814242800e-01
 1.081688300000000e+01, 2.077623370495960e-01
 1.083355000000000e+01, 2.152235648374625e-01
 1.085021700000000e+01, 2.234845947959710e-01
 1.086688400000000e+01, 2.327561692070908e-01
 1.088355100000000e+01, 2.431128909784271e-01
 1.090021800000000e+01, 2.544546794148314e-01
 1.091688500000000e+01, 2.665319258184017e-01
 1.093355200000000e+01, 2.790309273800601e-01
 1.095021900000000e+01, 2.916506001786995e-01
 1.096688600000000e+01, 3.040749824013820e-01
 1.098355300000000e+01, 3.158900894804516e-01
 1.100022000000000e+01, 3.265667839884757e-01
 1.101688700000000e+01, 3.354741655735420e-01
 1.103355400000000e+01, 3.418094178034951e-01
 1.105022100000000e+01, 3.444340586262001e-01
 1.106688800000000e+01, 3.417293521798740e-01
 1.108355500000000e+01, 3.316153135515731e-01
 1.110022200000000e+01, 3.117746007684929e-01
 1.111688900000000e+01, 2.799461390955942e-01
 1.113355600000000e+01, 2.341430025786824e-01
 1.115022300000000e+01, 1.729276488973486e-01
 1.116689000000000e+01, 9.611785335196776e-02
 1.118355700000000e+01, 6.004620091223079e-03
 1.120022400000000e+01,-9.160134077723649e-02
 1.121689100000000e+01,-1.876317006041086e-01
 1.123355800000000e+01,-2.718502092388357e-01
 1.125022500000000e+01,-3.358149820944866e-01
 1.126689200000000e+01,-3.748827556575334e-01
 1.128355900000000e+01,-3.883310272602198e-01
 1.130022600000000e+01,-3.783321067143355e-01
 1.131689300000000e+01,-3.489588463759468e-01
 1.133356000000000e+01,-3.055074287355088e-01
 1.135022700000000e+01,-2.537010569855869e-01
 1.136689400000000e+01,-1.986558044652665e-01
 1.138356100000000e+01,-1.441179051278781e-01
 1.140022800000000e+01,-9.240299102519449e-02
 1.141689500000000e+01,-4.487924901117764e-02
 1.143356200000000e+01,-2.510965105608583e-03
 1.145022900000000e+01, 3.387815329674861e-02
 1.146689600000000e+01, 6.361919019981256e-02
 1.148356300000000e+01, 8.627157251961151e-02
 1.150023000000000e+01, 1.015946868599518e-01
 1.151689700000000e+01, 1.094635960776706e-01
 1.153356400000000e+01, 1.099279470003362e-01
 1.155023100000000e+01, 1.035941412815996e-01
 1.156689800000000e+01, 9.222922489243407e-02
 1.158356500000000e+01, 7.881248417065551e-02
 1.160023200000000e+01, 6.617060871341368e-02
 1.161689900000000e+01, 5.527633654299990e-02
 1.163356600000000e+01, 4.522120805218265e-02
 1.165023300000000e+01, 3.445610155599586e-02
 1.166690000000000e+01, 2.169752959901114e-02
 1.168356700000000e+01, 6.266777987525309e-03
 1.170023400000000e+01,-1.151207218521285e-02
 1.171690100000000e+01,-2.979544898022787e-02
 1.173356800000000e+01,-4.521220529836021e-02
 1.175023500000000e+01,-5.384762377157178e-02
 1.176690200000000e+01,-5.286049976660905e-02
 1.178356900000000e+01,-4.169494299580980e-02
 1.180023600000000e+01,-2.212484341810370e-02
 1.181690300000000e+01, 2.693978701839880e-03
 1.183357000000000e+01, 2.941365780287658e-02
 1.185023700000000e+01, 5.534258566898562e-02
 1.186690400000000e+01, 7.879754937275792e-02
 1.188357100000000e+01, 9.906363617968787e-02
 1.190023800000000e+01, 1.161320563543570e-01
 1.191690500000000e+01, 1.303747134825903e-01
 1.193357200000000e+01, 1.422789666351966e-01
 1.195023900000000e+01, 1.523058852503464e-01
 1.196690600000000e+01, 1.608548899640510e-01
 1.198357300000000e+01, 1.682765382687125e-01
 1.200024000000000e+01, 1.748922379122041e-01
 1.201690700000000e+01, 1.810057187623460e-01
 1.203357400000000e+01, 1.869041853975951e-01
 1.205024100000000e+01, 1.928578288380542e-01
 1.206690800000000e+01, 1.991303924083690e-01
 1.208357500000000e+01, 2.059972110056011e-01
 1.210024200000000e+01, 2.137431044891486e-01
 1.211690900000000e+01, 2.226212982293634e-01
 1.213357600000000e+01, 2.327916990890844e-01
 1.215024300000000e+01, 2.442775289290814e-01
 1.216691000000000e+01, 2.569700839598220e-01
 1.218357700000000e+01, 2.706739781943758e-01
 1.220024400000000e+01, 2.851316592271960e-01
 1.221691100000000e+01, 2.999877284236184e-01
 1.223357800000000e+01, 3.147548531917503e-01
 1.225024500000000e+01, 3.288390260867965e-01
 1.226691200000000e+01, 3.415893453358980e-01
 1.228357900000000e+01, 3.523240743757710e-01
 1.230024600000000e+01, 3.603431350942203e-01
 1.231691300000000e+01, 3.649593155075036e-01
 1.233358000000000e+01, 3.655475981531275e-01
 1.235024700000000e+01, 3.615888721802647e-01
 1.236691400000000e+01, 3.526925151900648e-01
 1.238358100000000e+01, 3.386073195521203e-01
 1.240024800000000e+01, 3.192629223387682e-01
 1.241691500000000e+01, 2.948791353142878e-01
 1.243358200000000e+01, 2.661087406826336e-01
 1.245024900000000e+01, 2.341235438814366e-01
 1.246691600000000e+01, 2.005863950243059e-01
 1.248358300000000e+01, 1.675027338448312e-01
 1.250025000000000e+01, 1.369530888888587e-01
 1.251691700000000e+01, 1.107566519669685e-01
 1.253358400000000e+01, 9.019485781709537e-02
 1.255025100000000e+01, 7.588896300710593e-02
 1.256691800000000e+01, 6.780945190642981e-02
 1.258358500000000e+01, 6.536659845698875e-02
 1.260025200000000e+01, 6.757225752320310e-02
 1.261691900000000e+01, 7.325493715234493e-02
 1.263358600000000e+01, 8.127254449661127e-02
 1.265025300000000e+01, 9.066116232984604e-02
 1.266692000000000e+01, 1.006821216591714e-01
 1.268358700000000e+01, 1.107826310641797e-01
 1.270025400000000e+01, 1.205366705519278e-01
 1.271692100000000e+01, 1.296158152262729e-01
 1.273358800000000e+01, 1.377718373001338e-01
 1.275025500000000e+01, 1.447864879685991e-01
 1.276692200000000e+01, 1.503881888663013e-01
 1.278358900000000e+01, 1.541952558955095e-01
 1.280025600000000e+01, 1.557464949787710e-01
 1.281692300000000e+01, 1.546130712067125e-01
 1.283359000000000e+01, 1.505256368985962e-01
 1.285025700000000e+01, 1.434599083472300e-01
 1.286692400000000e+01, 1.336846511283587e-01
 1.288359100000000e+01, 1.218296404587308e-01
 1.290025800000000e+01, 1.090053937856473e-01
 1.291692500000000e+01, 9.687753887106573e-02
 1.293359200000000e+01, 8.747590926694991e-02
 1.295025900000000e+01, 8.261782217765269e-02
 1.296692600000000e+01, 8.318826375792353e-02
 1.298359300000000e+01, 8.877837171840938e-02
 1.300026000000000e+01, 9.795353136625236e-02
 1.301692700000000e+01, 1.089160526458770e-01
 1.303359400000000e+01, 1.201066480184386e-01
 1.305026100000000e+01, 1.304880258208513e-01
 1.306692800000000e+01, 1.395342165486066e-01
 1.308359500000000e+01, 1.470648237403460e-01
 1.310026200000000e+01, 1.530497286609159e-01
 1.311692900000000e+01, 1.574678787993865e-01
 1.313359600000000e+01, 1.602618666997346e-01
 1.315026300000000e+01, 1.613774992414486e-01
 1.316693000000000e+01, 1.608314706042145e-01
 1.318359700000000e+01, 1.587511179068294e-01
 1.320026400000000e+01, 1.553769290226707e-01
 1.321693100000000e+01, 1.510493346277593e-01
 1.323359800000000e+01, 1.461921108219897e-01
 1.325026500000000e+01, 1.412773713098604e-01
 1.326693200000000e+01, 1.367660967151213e-01
 1.328359900000000e+01, 1.330463491948838e-01
 1.330026600000000e+01, 1.303981066258611e-01
 1.331693300000000e+01, 1.289971244610648e-01
 1.333360000000000e+01, 1.289552031646470e-01
 1.335026700000000e+01, 1.303858351846026e-01
 1.336693400000000e+01, 1.334600669104744e-01
 1.338360100000000e+01, 1.383931773533833e-01
 1.340026800000000e+01, 1.453371189648039e-01
 1.341693500000000e+01, 1.542390282891291e-01
 1.343360200000000e+01, 1.647542265519484e-01
 1.345026900000000e+01, 1.762444959165902e-01
 1.346693600000000e+01, 1.878386144792782e-01
 1.348360300000000e+01, 1.985353717974396e-01
 1.350027000000000e+01, 2.073523867166546e-01
 1.351693700000000e+01, 2.135059144863210e-01
 1.353360400000000e+01, 2.165608378207897e-01
 1.355027100000000e+01, 2.165022684110983e-01
 1.356693800000000e+01, 2.137559476290641e-01
 1.358360500000000e+01, 2.091888220243405e-01
 1.360027200000000e+01, 2.040300525164959e-01
 1.361693900000000e+01, 1.996451320971652e-01
 1.363360600000000e+01, 1.972082985810396e-01
 1.365027300000000e+01, 1.973663261630585e-01
 1.366694000000000e+01, 1.999794471144711e-01
 1.368360700000000e+01, 2.040794775150554e-01
 1.370027400000000e+01, 2.081545940454232e-01
 1.371694100000000e+01, 2.106432732955273e-01
 1.373360800000000e+01, 2.103602865357115e-01
 1.375027500000000e+01, 2.066854579559786e-01
 1.376694200000000e+01, 1.995459118132602e-01
 1.378360900000000e+01, 1.892963043742350e-01
 1.380027600000000e+01, 1.765633751730475e-01
 1.381694300000000e+01, 1.620828714780390e-01
 1.383361000000000e+01, 1.465530706048501e-01
 1.385027700000000e+01, 1.305249390159518e-01
 1.386694400000000e+01, 1.143450640725955e-01
 1.388361100000000e+01, 9.817596518722881e-02
 1.390027800000000e+01, 8.208873770838601e-02
 1.391694500000000e+01, 6.616383964065571e-02
 1.393361200000000e+01, 5.052985589478079e-02
 1.395027900000000e+01, 3.533121678821851e-02
 1.396694600000000e+01, 2.067410131878691e-02
 1.398361300000000e+01, 6.599783077825014e-03
 1.400028000000000e+01,-6.897787475403834e-03
 1.401694700000000e+01,-1.980495756195915e-02
 1.403361400000000e+01,-3.195752698325979e-02
 1.405028100000000e+01,-4.285197988845847e-02
 1.406694800000000e+01,-5.149981613547235e-02
 1.408361500000000e+01,-5.652507079199435e-02
 1.410028200000000e+01,-5.662220787359298e-02
 1.411694900000000e+01,-5.117229918777224e-02
 1.413361600000000e+01,-4.057175144806224e-02
 1.415028300000000e+01,-2.601765166049170e-02
 1.416695000000000e+01,-8.957770644709569e-03
 1.418361700000000e+01, 9.372332719171352e-03
 1.420028400000000e+01, 2.810832247811399e-02
 1.421695100000000e+01, 4.669008530607444e-02
 1.423361800000000e+01, 6.473774339152048e-02
 1.425028500000000e+01, 8.196511749425855e-02
 1.426695200000000e+01, 9.814049255003053e-02
 1.428361900000000e+01, 1.130769371548191e-01
 1.430028600000000e+01, 1.266400559097497e-01
 1.431695300000000e+01, 1.387629347916626e-01
 1.433362000000000e+01, 1.494590021252069e-01
 1.435028700000000e+01, 1.588322568428861e-01
 1.436695400000000e+01, 1.670883847486051e-01
 1.438362100000000e+01, 1.745347762514736e-01
 1.440028800000000e+01, 1.815535870467826e-01
 1.441695500000000e+01, 1.885522993295149e-01
 1.443362200000000e+01, 1.959112997949959e-01
 1.445028900000000e+01, 2.039362021873166e-01
 1.446695600000000e+01, 2.128189168714061e-01
 1.448362300000000e+01, 2.226230688473245e-01
 1.450029000000000e+01, 2.333060772910625e-01
 1.451695700000000e+01, 2.447662606396291e-01
 1.453362400000000e+01, 2.568903262569485e-01
 1.455029100000000e+01, 2.695878800071804e-01
 1.456695800000000e+01, 2.828181365081600e-01
 1.458362500000000e+01, 2.966214730040519e-01
 1.460029200000000e+01, 3.111428467150356e-01
 1.461695900000000e+01, 3.265819467254729e-01
 1.463362600000000e+01, 3.430412785256276e-01
 1.465029300000000e+01, 3.603816956816228e-01
 1.466696000000000e+01, 3.781895534739287e-01
 1.468362700000000e+01, 3.958076338143943e-01
 1.470029400000000e+01, 4.123512990023175e-01
 1.471696100000000e+01, 4.267083701805033e-01
 1.473362800000000e+01, 4.375780542597748e-01
 1.475029500000000e+01, 4.435952296772630e-01
 1.476696200000000e+01, 4.434910488756862e-01
 1.478362900000000e+01, 4.361686086035731e-01
 1.480029600000000e+01, 4.206472884847765e-01
 1.481696300000000e+01, 3.959741251168488e-01
 1.483363000000000e+01, 3.612471116022777e-01
 1.485029700000000e+01, 3.157731395149357e-01
 1.486696400000000e+01, 2.592140012765011e-01
 1.488363100000000e+01, 1.916225392181442e-01
 1.490029800000000e+01, 1.135831409290304e-01
 1.491696500000000e+01, 2.680963740754477e-02
 1.493363200000000e+01,-6.490296072081603e-02
 1.495029900000000e+01,-1.551620077474964e-01
 1.496696600000000e+01,-2.357017180925836e-01
 1.498363300000000e+01,-2.983511453506882e-01
 1.500030000000000e+01,-3.373753925419763e-01
 1.501696700000000e+01,-3.509864571913682e-01
 1.503363400000000e+01,-3.413049043583075e-01
 1.505030100000000e+01,-3.130623224268008e-01
 1.506696800000000e+01,-2.719476666752661e-01
 1.508363500000000e+01,-2.233690050522075e-01
 1.510030200000000e+01,-1.718781700176429e-01
 1.511696900000000e+01,-1.210635872766633e-01
 1.513363600000000e+01,-7.360411508708707e-02
 1.515030300000000e+01,-3.131332227463045e-02
 1.516697000000000e+01, 4.800748264391629e-03
 1.518363700000000e+01, 3.436197814964696e-02
 1.520030400000000e+01, 5.734745345244702e-02
 1.521697100000000e+01, 7.382138108320351e-02
 1.523363800000000e+01, 8.377070071109147e-02
 1.525030500000000e+01, 8.705126741037134e-02
 1.526697200000000e+01, 8.349889890596086e-02
 1.528363900000000e+01, 7.341790426406429e-02
 1.530030600000000e+01, 5.849831574443572e-02
 1.531697300000000e+01, 4.222079403392855e-02
 1.533364000000000e+01, 2.830178670567517e-02
 1.535030700000000e+01, 1.827240735962862e-02
 1.536697400000000e+01, 1.111696281973915e-02
 1.538364100000000e+01, 4.775404873750414e-03
 1.540030800000000e+01,-2.516156202702999e-03
 1.541697500000000e+01,-1.146512540789894e-02
 1.543364200000000e+01,-2.122208002902240e-02
 1.545030900000000e+01,-2.941785161368254e-02
 1.546697600000000e+01,-3.301487154628283e-02
 1.548364300000000e+01,-2.956409685347083e-02
 1.550031000000000e+01,-1.816355376096975e-02
 1.551697700000000e+01, 2.764404402728711e-04
 1.553364400000000e+01, 2.348397807525605e-02
 1.555031100000000e+01, 4.871723584422906e-02
 1.556697800000000e+01, 7.361478003393998e-02
 1.558364500000000e+01, 9.663440808318530e-02
 1.560031200000000e+01, 1.170637451189741e-01
 1.561697900000000e+01, 1.347933360821347e-01
 1.563364600000000e+01, 1.500420376952050e-01
 1.565031300000000e+01, 1.631633833868301e-01
 1.566698000000000e+01, 1.745643023924791e-01
 1.568364700000000e+01, 1.846821460140409e-01
 1.570031400000000e+01, 1.939640015631977e-01
 1.571698100000000e+01, 2.028360794322615e-01
 1.573364800000000e+01, 2.116761948839101e-01
 1.575031500000000e+01, 2.208013810826210e-01
 1.576698200000000e+01, 2.304740947876976e-01
 1.578364900000000e+01, 2.409186891342963e-01
 1.580031600000000e+01, 2.523291636550991e-01
 1.581698300000000e+01, 2.648553618206337e-01
 1.583365000000000e+01, 2.785756483715395e-01
 1.585031700000000e+01, 2.934763959702721e-01
 1.586698400000000e+01, 3.094504940672382e-01
 1.588365100000000e+01, 3.262847099302635e-01
 1.590031800000000e+01, 3.435907345762347e-01
 1.591698500000000e+01, 3.607333953951068e-01
 1.593365200000000e+01, 3.768530207129351e-01
 1.595031900000000e+01, 3.909537476055642e-01
 1.596698600000000e+01, 4.019594442939562e-01
 1.598365300000000e+01, 4.086954201452733e-01
 1.600032000000000e+01, 4.098439511915362e-01
 1.601698700000000e+01, 4.039433639872203e-01
 1.603365400000000e+01, 3.894354434592816e-01
 1.605032100000000e+01, 3.647297388608787e-01
 1.606698800000000e+01, 3.282611938284031e-01
 1.608365500000000e+01, 2.785422678734804e-01
 1.610032200000000e+01, 2.143399029894395e-01
 1.611698900000000e+01, 1.352892572183717e-01
 1.613365600000000e+01, 4.312274293673992e-02
 1.615032300000000e+01,-5.701873458025086e-02
 1.616699000000000e+01,-1.564659870836313e-01
 1.618365700000000e+01,-2.449479216950740e-01
 1.620032400000000e+01,-3.137658060444878e-01
 1.621699100000000e+01,-3.581462837644490e-01
 1.623365800000000e+01,-3.774467202803991e-01
 1.625032500000000e+01,-3.738841090105808e-01
 1.626699200000000e+01,-3.512124926535539e-01
 1.628365900000000e+01,-3.139657392641660e-01
 1.630032600000000e+01,-2.669805943855728e-01
 1.631699300000000e+01,-2.148665764213325e-01
 1.633366000000000e+01,-1.615011325059127e-01
 1.635032700000000e+01,-1.097870334869908e-01
 1.636699400000000e+01,-6.173312166614553e-02
 1.638366100000000e+01,-1.870166065171367e-02
 1.640032800000000e+01, 1.840026914381908e-02
 1.641699500000000e+01, 4.906111024686922e-02
 1.643366200000000e+01, 7.312470521473828e-02
 1.645032900000000e+01, 9.065774112465069e-02
 1.646699600000000e+01, 1.017682119932494e-01
 1.648366300000000e+01, 1.065453501384338e-01
 1.650033000000000e+01, 1.053393108183569e-01
 1.651699700000000e+01, 9.949877934069991e-02
 1.653366400000000e+01, 9.194329553695559e-02
 1.655033100000000e+01, 8.599899298089413e-02
 1.656699800000000e+01, 8.285414513951521e-02
 1.658366500000000e+01, 8.092281846465375e-02
 1.660033200000000e+01, 7.759796294316038e-02
 1.661699900000000e+01, 7.078816029115950e-02
